{"cameraMode":{"drawMode":0,"name":"Shaded","section":"Shading Mode"},"sceneLighting":true,"audioPlay":false,"sceneViewState":{"showFog":true,"showMaterialUpdate":false,"showSkybox":true,"showFlares":true,"showImageEffects":true,"showParticleSystems":true},"in2DMode":false,"pivot":{"x":217.87266540527345,"y":526.6727294921875,"z":-440.1398620605469},"rotation":{"x":-0.04361473768949509,"y":-0.2656721770763397,"z":0.012246214784681797,"w":-0.9632260799407959},"size":22.0,"orthographic":false}