{"cameraMode":{"drawMode":0,"name":"Shaded","section":"Shading Mode"},"sceneLighting":true,"audioPlay":false,"sceneViewState":{"showFog":true,"showMaterialUpdate":false,"showSkybox":true,"showFlares":true,"showImageEffects":true,"showParticleSystems":true},"in2DMode":false,"pivot":{"x":22.5262451171875,"y":66.45771026611328,"z":76.8127212524414},"rotation":{"x":-0.1047763079404831,"y":0.39338794350624087,"z":-0.045092612504959109,"w":-0.9123620986938477},"size":19.79124641418457,"orthographic":false}